Dataset number, Accuracy,
0, 89.68944099378882,
1, 91.5527950310559,
2, 91.30434782608695,
3, 91.42857142857143,
