Dataset number, Accuracy,
0, 87.3015873015873,
1, 85.71428571428571,
2, 86.5079365079365,
3, 81.74603174603175,
4, 83.73015873015873,
