Dataset number, Accuracy,
0, 90.07936507936508,
1, 84.52380952380952,
2, 86.5079365079365,
3, 82.14285714285714,
4, 83.73015873015873,
