Dataset number, Accuracy,
0, 91.5527950310559,
1, 89.3167701863354,
2, 90.6832298136646,
3, 92.17391304347827,
4, 91.67701863354037,
