Dataset number, Accuracy,
0, 0.8650793650793651,
1, 0.8650793650793651,
2, 0.8650793650793651,
3, 0.8650793650793651,
4, 0.8650793650793651,
