Dataset number, Accuracy,
0, 86.11111111111111,
1, 84.92063492063492,
2, 85.31746031746032,
3, 84.52380952380952,
4, 87.3015873015873,
